player,nation_x,pos_x,squad_x,born_x,mp,starts,min,gls_x,ast_x,pk_x,pkatt,crdy,crdr,gls_per_90,ast_per_90,g_plus_a_per_90,g_minus_pk_per_90,year,90s_x,tkl,tklw,def_3rd,mid_3rd,att_3rd,tkl_vs_dribbles,att_vs_dribbles,tkl_perc_vs_dribbles,past_vs_dribbles,press,succ,percent,def_3rd_pressures,mid_3rd_pressures,att_3rd_pressures,blocks,sh_blocks,shsv_blocks,pass_blocks,int,tkl_and_int,clr,err,cmp_total,att_total,cmp_perc_total,tot_dist_total,prg_dist_total,cmp_short,att_short,cmp_perc_short,cmp_medium,att_medium,cmp_perc_medium,cmp_long,att_long,cmp_perc_long,ast_y,ppa,crs_pa,prog,sh,sot,sot_perc,sh_per_90,sot_per_90,g_per_Sh,g_per_sot,dist,fk,pk_y,pk_att,league
Adrien Rabiot,fr FRA,MF,Paris S-G,1995,33,27,2364,1,4,0,0,2,0,0.04,0.15,0.19,0.04,2017,26.3,51,30,26,20,5,10,31,32.3,21,372,110,29.6,113,189,70,30,9,0,21,30,81,13,0,1978,2168,91.2,33974,8519,909,969,93.8,823,881,93.4,200,238,84,4,24,3,150,25,5,20,0.95,0.19,0.04,0.2,17.4,0,0,0,French
Blaise Matuidi,fr FRA,MF,Paris S-G,1987,2,0,28,0,0,0,0,0,0,0,0,0,0,2017,26.2,55,36,19,24,12,10,39,25.6,29,692,187,27,186,350,156,37,5,0,32,23,78,15,0,1239,1393,88.9,22067,5072,543,592,91.7,553,601,92,128,160,80,1,14,4,93,24,7,29.2,0.92,0.27,0.13,0.43,15.8,0,0,0,Italian
Blaise Matuidi,fr FRA,MF,Paris S-G,1987,2,0,28,0,0,0,0,0,0,0,0,0,0,2017,26.2,55,36,19,24,12,10,39,25.6,29,692,187,27,186,350,156,37,5,0,32,23,78,15,0,13,16,81.3,167,38,10,11,90.9,2,3,66.7,1,1,100,0,0,0,0,24,7,29.2,0.92,0.27,0.13,0.43,15.8,0,0,0,Italian
Christopher Nkunku,fr FRA,"FW,MF",Paris S-G,1997,20,6,633,4,0,0,0,0,0,0.57,0,0.57,0.57,2017,7,4,1,1,2,1,1,10,10,9,134,38,28.4,38,56,40,14,2,0,12,6,10,0,0,323,359,90,5099,1036,162,176,92,133,138,96.4,17,29,58.6,0,6,0,24,24,14,58.3,3.41,1.99,0.17,0.29,14.6,0,0,0,French
Dani Alves,br BRA,DF,Paris S-G,1983,25,23,2065,1,4,0,0,7,1,0.04,0.17,0.22,0.04,2017,22.9,73,52,44,22,7,19,45,42.2,26,354,121,34.2,159,123,72,36,3,0,33,28,101,11,0,1686,1987,84.9,27933,11149,919,997,92.2,530,618,85.8,186,284,65.5,4,63,20,176,30,6,20,1.31,0.26,0.03,0.17,25.5,9,0,0,French
Edinson Cavani,uy URU,FW,Paris S-G,1987,32,30,2581,28,5,3,5,3,0,0.98,0.17,1.15,0.87,2017,28.7,11,7,3,4,4,0,13,0,13,296,80,27,32,91,173,17,3,0,14,8,19,18,0,395,506,78.1,6064,990,217,272,79.8,137,159,86.2,27,41,65.9,5,21,0,38,104,49,47.1,3.63,1.71,0.24,0.51,13.4,5,3,5,French
Giovani Lo Celso,ar ARG,MF,Paris S-G,1996,33,18,1776,4,2,0,0,2,0,0.2,0.1,0.3,0.2,2017,19.7,68,59,25,29,14,18,53,34,35,421,135,32.1,127,190,104,35,5,0,30,20,88,3,0,1387,1549,89.5,25487,5369,576,634,90.9,578,629,91.9,190,219,86.8,2,32,3,119,38,14,36.8,1.93,0.71,0.11,0.29,20.8,0,0,0,French
Javier Pastore,ar ARG,"MF,FW",Paris S-G,1989,25,14,1346,4,4,0,0,2,0,0.27,0.27,0.53,0.27,2017,15,32,19,9,13,10,5,22,22.7,17,232,45,19.4,44,111,77,22,2,0,20,9,41,8,0,810,989,81.9,13268,3673,403,467,86.3,307,354,86.7,75,115,65.2,4,35,4,96,24,10,41.7,1.6,0.67,0.17,0.4,17.4,0,0,0,French
Julian Draxler,de GER,"MF,FW",Paris S-G,1993,30,19,1702,4,5,0,0,1,0,0.21,0.26,0.48,0.21,2017,18.9,15,10,4,6,5,5,28,17.9,23,206,57,27.7,48,102,56,21,2,0,19,27,42,4,0,1239,1361,91,20919,3993,590,624,94.6,493,528,93.4,121,157,77.1,5,25,1,94,23,10,43.5,1.22,0.53,0.17,0.4,13.2,0,0,0,French
Layvin Kurzawa,fr FRA,DF,Paris S-G,1992,20,19,1705,2,2,0,0,1,0,0.11,0.11,0.21,0.11,2017,18.9,42,26,18,16,8,14,37,37.8,23,241,68,28.2,120,78,43,37,5,0,32,23,65,23,1,897,1072,83.7,12597,3899,529,589,89.8,314,373,84.2,23,57,40.4,2,7,2,58,21,4,19,1.11,0.21,0.1,0.5,13.9,0,0,0,French
Lucas Moura,br BRA,FW,Paris S-G,1992,5,0,76,1,1,0,0,1,0,1.18,1.18,2.37,1.18,2017,2.3,2,0,1,1,0,1,2,50,1,23,6,26.1,2,13,8,2,0,0,2,2,4,1,0,39,45,86.7,580,140,19,21,90.5,16,17,94.1,2,5,40,1,1,0,4,5,2,40,2.14,0.86,0,0,25.2,0,0,0,English
Lucas Moura,br BRA,FW,Paris S-G,1992,5,0,76,1,1,0,0,1,0,1.18,1.18,2.37,1.18,2017,2.3,2,0,1,1,0,1,2,50,1,23,6,26.1,2,13,8,2,0,0,2,2,4,1,0,39,45,86.7,580,140,19,21,90.5,16,17,94.1,2,5,40,1,1,0,4,3,2,66.7,3.55,2.37,0.33,0.5,6.1,0,0,0,French
Lucas Moura,br BRA,FW,Paris S-G,1992,5,0,76,1,1,0,0,1,0,1.18,1.18,2.37,1.18,2017,2.3,2,0,1,1,0,1,2,50,1,23,6,26.1,2,13,8,2,0,0,2,2,4,1,0,91,113,80.5,1381,343,54,63,85.7,32,38,84.2,4,8,50,1,5,0,10,5,2,40,2.14,0.86,0,0,25.2,0,0,0,English
Lucas Moura,br BRA,FW,Paris S-G,1992,5,0,76,1,1,0,0,1,0,1.18,1.18,2.37,1.18,2017,2.3,2,0,1,1,0,1,2,50,1,23,6,26.1,2,13,8,2,0,0,2,2,4,1,0,91,113,80.5,1381,343,54,63,85.7,32,38,84.2,4,8,50,1,5,0,10,3,2,66.7,3.55,2.37,0.33,0.5,6.1,0,0,0,French
Marquinhos,br BRA,DF,Paris S-G,1994,26,25,2262,0,1,0,0,1,0,0,0.04,0.04,0,2017,25.1,26,14,17,8,1,7,20,35,13,162,52,32.1,99,51,12,46,22,0,24,11,37,88,0,1481,1585,93.4,30405,9458,460,476,96.6,786,811,96.9,212,266,79.7,1,8,0,55,16,1,6.3,0.64,0.04,0,0,11.2,0,0,0,French
Neymar,br BRA,"FW,MF",Paris S-G,1992,20,20,1797,19,13,4,4,5,2,0.95,0.65,1.6,0.75,2017,20,15,9,3,6,6,7,27,25.9,20,186,53,28.5,12,88,86,10,0,0,10,3,18,0,0,1072,1411,76,16916,6315,604,699,86.4,339,451,75.2,95,192,49.5,13,83,4,198,87,38,43.7,4.36,1.9,0.17,0.39,17.2,15,4,4,French
Presnel Kimpembe,fr FRA,DF,Paris S-G,1995,28,27,2425,0,0,0,0,8,4,0,0,0,0,2017,26.9,37,19,23,12,2,9,12,75,3,146,46,31.5,90,50,6,32,13,0,19,16,53,55,0,1672,1776,94.1,31439,10374,635,665,95.5,815,838,97.3,196,234,83.8,0,4,1,80,13,4,30.8,0.48,0.15,0,0,12.7,0,0,0,French
Thiago Motta,it ITA,MF,Paris S-G,1982,19,14,1155,1,1,0,0,3,1,0.08,0.08,0.16,0.08,2017,12.8,22,14,10,11,1,5,22,22.7,17,121,29,24,35,57,29,14,4,0,10,15,37,19,0,1215,1302,93.3,21737,6760,508,536,94.8,555,576,96.4,131,155,84.5,1,5,0,115,6,3,50,0.47,0.23,0.17,0.33,17.1,0,0,0,French
Thiago Silva,br BRA,DF,Paris S-G,1984,25,24,2115,1,1,0,0,5,0,0.04,0.04,0.09,0.04,2017,23.5,30,21,21,9,0,11,19,57.9,8,154,64,41.6,88,60,6,40,21,3,19,22,52,78,1,1583,1676,94.5,31702,11617,535,562,95.2,785,809,97,239,274,87.2,1,8,0,86,12,6,50,0.51,0.26,0.08,0.17,17,0,0,0,French
Thomas Meunier,be BEL,DF,Paris S-G,1991,24,16,1577,4,3,0,0,3,0,0.23,0.17,0.4,0.23,2017,17.5,36,24,23,8,5,15,36,41.7,21,196,68,34.7,105,56,35,30,3,0,27,14,50,31,1,907,1116,81.3,14727,5094,467,527,88.6,354,434,81.6,67,109,61.5,3,27,15,93,11,5,45.5,0.63,0.29,0.36,0.8,15.1,0,0,0,French
Yuri Berchiche,es ESP,DF,Paris S-G,1990,22,19,1715,2,3,0,0,4,0,0.1,0.16,0.26,0.1,2017,19.1,34,20,19,9,6,15,33,45.5,18,268,103,38.4,125,87,56,38,3,0,35,18,52,25,0,969,1129,85.8,14950,5264,512,563,90.9,380,439,86.6,53,71,74.6,3,19,8,83,11,3,27.3,0.58,0.16,0.18,0.67,22.2,0,0,0,French
Adrien Rabiot,fr FRA,MF,Paris S-G,1995,14,12,1063,2,1,0,0,3,0,0.17,0.08,0.25,0.17,2018,11.8,35,23,15,17,3,9,21,42.9,12,203,76,37.4,65,103,35,16,3,0,13,9,44,17,1,969,1048,92.5,17353,4370,429,459,93.5,429,453,94.7,101,118,85.6,1,12,0,87,7,3,42.9,0.59,0.25,0.29,0.67,15.7,0,0,0,French
Antoine Bernede,fr FRA,MF,Paris S-G,1999,2,2,169,0,0,0,0,0,0,0,0,0,0,2018,1.9,14,6,4,9,1,7,17,41.2,10,54,15,27.8,11,36,7,4,1,0,3,3,17,2,1,158,166,95.2,2709,828,62,64,96.9,89,92,96.7,6,9,66.7,0,1,0,18,1,1,100,0.53,0.53,0,0,23.7,0,0,0,French
Christopher Nkunku,fr FRA,"MF,FW",Paris S-G,1997,22,13,1156,3,2,0,0,0,0,0.23,0.16,0.39,0.23,2018,12.8,16,11,6,7,3,4,17,23.5,13,305,85,27.9,58,152,95,17,2,0,15,11,27,9,0,581,650,89.4,8846,1845,334,361,92.5,211,231,91.3,29,40,72.5,2,19,2,52,22,5,22.7,1.71,0.39,0.14,0.6,20,0,0,0,French
Colin Dagba,fr FRA,DF,Paris S-G,1998,17,9,918,0,2,0,0,2,0,0,0.2,0.2,0,2018,10.2,21,11,8,9,4,10,21,47.6,11,208,47,22.6,67,98,43,11,0,0,11,4,25,15,0,596,647,92.1,9022,2341,322,347,92.8,247,260,95,17,24,70.8,2,7,6,25,3,1,33.3,0.29,0.1,0,0,22.7,0,0,0,French
Dani Alves,br BRA,"MF,DF",Paris S-G,1983,23,19,1622,1,7,0,0,4,0,0.06,0.39,0.44,0.06,2018,18,43,29,17,22,4,13,41,31.7,28,472,128,27.1,118,256,98,26,4,0,22,9,52,10,1,1327,1589,83.5,21324,7177,725,784,92.5,466,544,85.7,106,187,56.7,7,50,12,165,27,6,22.2,1.5,0.33,0.04,0.17,21.6,2,0,0,French
Edinson Cavani,uy URU,FW,Paris S-G,1987,21,20,1671,18,5,4,5,1,0,0.97,0.27,1.24,0.75,2018,18.6,9,7,1,3,5,2,16,12.5,14,317,71,22.4,23,129,165,20,8,0,12,9,18,15,0,276,364,75.8,4114,519,168,208,80.8,86,114,75.4,17,24,70.8,5,9,3,8,46,17,37,2.48,0.92,0.3,0.82,12,2,4,5,French
Eric Maxim Choupo-Moting,cm CMR,"FW,MF",Paris S-G,1989,22,8,802,3,0,0,0,0,0,0.34,0,0.34,0.34,2018,8.9,8,4,2,2,4,1,10,10,9,171,49,28.7,18,78,75,7,0,0,7,6,14,3,0,187,230,81.3,2590,512,115,130,88.5,59,75,78.7,5,8,62.5,0,9,1,22,28,5,17.9,3.14,0.56,0.11,0.6,12.1,0,0,0,French
Giovani Lo Celso,ar ARG,MF,Paris S-G,1996,1,0,11,0,0,0,0,0,0,0,0,0,0,2018,26.6,55,46,17,29,9,14,46,30.4,32,500,137,27.4,99,268,133,36,1,0,35,10,65,11,1,1199,1452,82.6,20062,4599,582,653,89.1,484,565,85.7,110,167,65.9,4,47,2,124,62,25,40.3,2.33,0.94,0.11,0.28,18.9,2,2,4,Spanish
Giovani Lo Celso,ar ARG,MF,Paris S-G,1996,1,0,11,0,0,0,0,0,0,0,0,0,0,2018,26.6,55,46,17,29,9,14,46,30.4,32,500,137,27.4,99,268,133,36,1,0,35,10,65,11,1,12,12,100,186,80,5,5,100,5,5,100,1,1,100,0,0,0,1,62,25,40.3,2.33,0.94,0.11,0.28,18.9,2,2,4,Spanish
Juan Bernat,es ESP,"DF,MF",Paris S-G,1993,25,21,1836,1,2,0,0,6,1,0.05,0.1,0.15,0.05,2018,20.4,48,28,26,18,4,23,64,35.9,41,418,126,30.1,170,176,72,41,5,0,36,14,62,35,0,1063,1202,88.4,16651,3878,592,635,93.2,400,447,89.5,61,91,67,2,18,5,57,5,1,20,0.25,0.05,0.2,1,10.8,0,0,0,French
Julian Draxler,de GER,"MF,FW",Paris S-G,1993,31,22,2046,3,7,0,0,6,0,0.13,0.31,0.44,0.13,2018,22.7,35,21,11,16,8,14,49,28.6,35,351,79,22.5,84,178,89,21,1,0,20,11,46,2,0,1421,1610,88.3,23672,5388,720,783,92,547,595,91.9,131,182,72,7,42,2,132,32,16,50,1.41,0.7,0.09,0.19,16.1,1,0,0,French
Layvin Kurzawa,fr FRA,"DF,MF",Paris S-G,1992,19,11,1010,1,2,0,0,4,0,0.09,0.18,0.27,0.09,2018,11.2,22,14,6,6,10,7,19,36.8,12,214,69,32.2,47,108,59,15,1,0,14,6,28,23,0,489,567,86.2,7102,2293,292,315,92.7,169,198,85.4,21,35,60,2,10,4,37,7,2,28.6,0.62,0.18,0.14,0.5,10.4,0,0,0,French
Leandro Paredes,ar ARG,MF,Paris S-G,1994,16,14,1249,0,2,0,0,1,0,0,0.14,0.14,0,2018,13.9,28,17,13,13,2,16,37,43.2,21,192,60,31.3,71,99,22,24,5,0,19,11,39,19,2,1168,1303,89.6,22340,6694,492,517,95.2,522,554,94.2,144,210,68.6,2,9,0,114,14,1,7.1,1.01,0.07,0,0,28.3,4,0,0,French
Marquinhos,br BRA,"DF,MF",Paris S-G,1994,30,30,2693,3,2,0,0,2,1,0.1,0.07,0.17,0.1,2018,29.9,51,35,26,21,4,26,63,41.3,37,438,138,31.5,181,202,55,58,16,1,42,23,74,93,2,2093,2264,92.4,42667,14004,688,736,93.5,1074,1123,95.6,317,384,82.6,2,11,0,144,13,3,23.1,0.43,0.1,0.23,1,9.8,0,0,0,French
Moussa Diaby,fr FRA,"MF,FW",Paris S-G,1999,25,10,1141,2,6,0,0,1,0,0.16,0.47,0.63,0.16,2018,12.7,15,12,5,8,2,5,20,25,15,262,70,26.7,80,109,73,12,1,0,11,10,25,4,0,464,579,80.1,6730,1420,278,315,88.3,169,207,81.6,10,22,45.5,6,21,4,36,25,6,24,1.97,0.47,0.08,0.33,17.4,0,0,0,French
Neymar,br BRA,"MF,FW",Paris S-G,1992,17,16,1439,15,7,5,5,2,0,0.94,0.44,1.38,0.63,2018,16,17,10,2,13,2,4,26,15.4,22,211,54,25.6,14,104,93,14,0,0,14,4,21,1,0,829,1055,78.6,14286,5572,430,511,84.1,282,331,85.2,99,173,57.2,7,67,1,179,51,21,41.2,3.19,1.31,0.2,0.48,18.4,10,5,5,French
Presnel Kimpembe,fr FRA,DF,Paris S-G,1995,24,23,2005,0,1,0,0,4,1,0,0.04,0.04,0,2018,22.3,49,26,25,20,4,15,35,42.9,20,223,70,31.4,118,94,11,28,9,0,19,24,73,51,1,1366,1473,92.7,25321,8285,577,603,95.7,630,664,94.9,156,189,82.5,1,3,0,72,4,1,25,0.18,0.04,0,0,19.6,0,0,0,French
Thilo Kehrer,de GER,DF,Paris S-G,1996,27,19,1902,1,2,0,0,4,0,0.05,0.09,0.14,0.05,2018,21.1,71,44,39,27,5,24,54,44.4,30,332,101,30.4,153,141,38,47,19,1,28,18,89,72,1,1278,1390,91.9,23769,7490,479,509,94.1,665,714,93.1,127,145,87.6,2,8,2,71,14,4,28.6,0.66,0.19,0.07,0.25,11.3,0,0,0,French
Thomas Meunier,be BEL,"DF,MF",Paris S-G,1991,22,19,1610,3,3,0,0,2,0,0.17,0.17,0.34,0.17,2018,17.9,45,26,25,17,3,15,34,44.1,19,266,85,32,111,98,57,32,2,0,30,9,54,24,0,824,985,83.7,14676,4411,375,424,88.4,371,427,86.9,74,122,60.7,3,24,7,94,20,6,30,1.12,0.34,0.15,0.5,13.7,0,0,0,French
Abdou Diallo,fr FRA,DF,Paris S-G,1996,16,14,1201,0,1,0,0,4,0,0,0.07,0.07,0,2019,13.3,17,10,8,8,1,6,15,40,9,150,56,37.3,74,70,6,22,6,0,16,8,25,40,0,986,1061,92.9,19786,6924,337,352,95.7,490,515,95.1,149,174,85.6,1,5,1,72,5,2,40,0.37,0.15,0,0,6.3,0,0,0,French
Ander Herrera,es ESP,"MF,DF",Paris S-G,1989,8,6,547,1,1,0,0,0,0,0.16,0.16,0.33,0.16,2019,6.1,21,10,9,11,1,10,24,41.7,14,117,39,33.3,28,55,34,7,2,0,5,5,26,5,0,466,503,92.6,7483,1724,252,260,96.9,181,195,92.8,26,31,83.9,1,4,2,30,6,2,33.3,0.99,0.33,0.17,0.5,19.9,0,0,0,French
Edinson Cavani,uy URU,FW,Paris S-G,1987,14,7,605,4,1,1,1,2,0,0.6,0.15,0.74,0.45,2019,6.7,6,4,1,2,3,1,5,20,4,90,19,21.1,1,37,52,7,1,0,6,0,6,0,0,120,140,85.7,1823,296,64,73,87.7,42,45,93.3,7,13,53.8,1,6,2,11,28,10,35.7,4.17,1.49,0.11,0.3,9.8,1,1,1,French
Eric Maxim Choupo-Moting,cm CMR,"FW,MF",Paris S-G,1989,9,5,451,3,1,0,0,0,0,0.6,0.2,0.8,0.6,2019,5,10,4,4,2,4,4,7,57.1,3,83,24,28.9,7,23,53,3,0,0,3,3,13,3,0,92,112,82.1,1240,168,58,66,87.9,28,33,84.8,2,4,50,1,7,0,9,18,7,38.9,3.59,1.4,0.17,0.43,11.3,0,0,0,French
Idrissa Gana Gueye,sn SEN,MF,Paris S-G,1989,20,19,1653,1,2,0,0,2,0,0.05,0.11,0.16,0.05,2019,18.4,75,47,28,32,15,20,49,40.8,29,450,142,31.6,136,224,90,31,5,0,26,22,97,18,0,1468,1590,92.3,24184,6455,763,810,94.2,576,611,94.3,111,127,87.4,2,16,1,134,11,3,27.3,0.6,0.16,0.09,0.33,17.6,0,0,0,French
Juan Bernat,es ESP,"DF,MF",Paris S-G,1993,18,16,1388,0,4,0,0,5,0,0,0.26,0.26,0,2019,15.4,43,21,21,14,8,17,60,28.3,43,238,78,32.8,89,86,63,31,3,0,28,8,51,30,0,1011,1122,90.1,15051,3698,595,633,94,367,401,91.5,34,50,68,4,16,3,48,6,1,16.7,0.39,0.06,0,0,14.2,0,0,0,French
Julian Draxler,de GER,MF,Paris S-G,1993,11,7,686,0,4,0,0,5,0,0,0.52,0.52,0,2019,7.6,12,8,2,8,2,5,14,35.7,9,135,45,33.3,28,68,39,13,2,0,11,8,20,3,0,431,485,88.9,7215,1648,231,254,90.9,159,171,93,35,47,74.5,4,19,2,44,13,6,46.2,1.71,0.79,0,0,17.8,0,0,0,French
Layvin Kurzawa,fr FRA,DF,Paris S-G,1992,14,9,858,1,0,0,0,4,0,0.1,0,0.1,0.1,2019,9.5,22,9,6,12,4,6,21,28.6,15,142,44,31,47,63,32,23,1,0,22,14,36,25,1,605,671,90.2,8685,2974,352,376,93.6,208,225,92.4,25,39,64.1,0,8,2,36,6,3,50,0.63,0.31,0.17,0.33,9.4,0,0,0,French
Leandro Paredes,ar ARG,MF,Paris S-G,1994,17,8,814,0,0,0,0,2,0,0,0,0,0,2019,9,27,17,9,14,4,16,35,45.7,19,139,37,26.6,41,82,16,14,2,0,12,10,37,13,1,856,913,93.8,16287,4826,368,380,96.8,351,364,96.4,126,154,81.8,0,6,0,84,18,5,27.8,1.99,0.55,0,0,26.4,2,0,0,French
Marquinhos,br BRA,"MF,DF",Paris S-G,1994,19,15,1476,3,1,0,0,1,0,0.18,0.06,0.24,0.18,2019,16.4,43,25,16,22,5,16,36,44.4,20,293,108,36.9,81,167,45,34,10,1,24,11,54,44,2,1207,1294,93.3,24188,6825,408,428,95.3,589,612,96.2,186,221,84.2,1,14,0,83,11,3,27.3,0.67,0.18,0.27,1,8.2,0,0,0,French
Mauro Icardi,ar ARG,FW,Paris S-G,1993,20,14,1267,12,2,0,0,0,0,0.85,0.14,0.99,0.85,2019,14.1,6,4,1,4,1,0,13,0,13,217,56,25.8,13,86,118,10,2,0,8,3,9,10,0,149,178,83.7,2128,534,78,88,88.6,42,50,84,11,12,91.7,2,6,0,16,36,20,55.6,2.56,1.42,0.33,0.6,8.9,0,0,0,French
Neymar,br BRA,"MF,FW",Paris S-G,1992,15,15,1318,13,6,4,5,4,1,0.89,0.41,1.3,0.61,2019,14.6,14,7,3,8,3,5,27,18.5,22,170,49,28.8,16,88,66,10,0,0,10,6,20,1,0,759,961,79,12551,4478,417,475,87.8,221,274,80.7,91,159,57.2,6,71,6,149,64,31,48.4,4.37,2.12,0.14,0.29,16.7,10,4,5,French
Nianzou Kouassi,fr FRA,"DF,MF",Paris S-G,2002,6,4,452,2,0,0,0,1,0,0.4,0,0.4,0.4,2019,5,5,4,1,3,1,3,5,60,2,50,21,42,19,25,6,6,2,0,4,3,8,5,0,309,336,92,6252,1897,92,104,88.5,174,183,95.1,41,44,93.2,0,0,0,24,2,2,100,0.4,0.4,1,1,4.5,0,0,0,French
Pablo Sarabia,es ESP,"FW,MF",Paris S-G,1992,21,13,1164,4,3,0,0,1,0,0.31,0.23,0.54,0.31,2019,12.9,18,10,5,7,6,6,33,18.2,27,260,70,26.9,40,117,103,12,1,0,11,3,21,7,0,524,677,77.4,8099,2092,299,338,88.5,177,223,79.4,34,78,43.6,3,23,6,59,32,10,31.3,2.47,0.77,0.13,0.4,15,0,0,0,French
Presnel Kimpembe,fr FRA,DF,Paris S-G,1995,16,14,1225,0,0,0,0,6,0,0,0,0,0,2019,13.6,41,25,31,10,0,18,28,64.3,10,124,49,39.5,62,57,5,14,5,0,9,18,59,36,1,1061,1119,94.8,20133,5909,413,422,97.9,516,538,95.9,126,143,88.1,0,0,0,44,6,2,33.3,0.44,0.15,0,0,12.9,0,0,0,French
Thiago Silva,br BRA,DF,Paris S-G,1984,21,20,1571,0,0,0,0,1,0,0,0,0,0,2019,17.5,33,21,18,14,1,13,19,68.4,6,91,41,45.1,46,40,5,27,17,0,10,14,47,71,2,1440,1502,95.9,30319,9937,456,465,98.1,709,733,96.7,266,290,91.7,0,5,0,89,6,2,33.3,0.34,0.11,0,0,11,0,0,0,French
Thilo Kehrer,de GER,DF,Paris S-G,1996,7,5,480,1,0,0,0,0,0,0.19,0,0.19,0.19,2019,5.3,10,6,4,3,3,3,9,33.3,6,53,16,30.2,19,23,11,3,1,0,2,2,12,5,0,376,402,93.5,6697,1550,161,172,93.6,181,189,95.8,30,33,90.9,0,2,0,16,4,3,75,0.75,0.56,0.25,0.33,11.1,0,0,0,French
Thomas Meunier,be BEL,DF,Paris S-G,1991,16,14,1242,0,1,0,0,3,0,0,0.07,0.07,0,2019,13.8,28,16,8,14,6,15,32,46.9,17,186,58,31.2,76,68,42,30,5,0,25,11,39,25,0,772,925,83.5,14310,3483,335,381,87.9,331,380,87.1,95,129,73.6,1,18,9,55,4,2,50,0.29,0.14,0,0,16.4,0,0,0,French
Alessandro Florenzi,it ITA,DF,Paris S-G,1991,5,5,417,2,0,0,0,1,0,0.43,0,0.43,0.43,2020,4.6,8,5,2,4,2,2,6,33.3,4,53,16,30.2,14,19,20,6,1,0,5,3,11,2,0,228,269,84.8,3940,1189,117,126,92.9,82,99,82.8,26,39,66.7,0,13,9,20,8,4,50,1.73,0.86,0.25,0.5,15,0,0,0,French
Ander Herrera,es ESP,MF,Paris S-G,1989,9,4,560,1,0,0,0,0,0,0.16,0,0.16,0.16,2020,6.2,17,10,5,9,3,6,21,28.6,15,144,36,25,31,71,42,17,2,0,15,4,21,5,0,470,517,90.9,7408,1807,256,271,94.5,167,182,91.8,30,42,71.4,0,6,0,39,11,3,27.3,1.77,0.48,0.09,0.33,16,1,0,0,French
Idrissa Gana Gueye,sn SEN,MF,Paris S-G,1989,7,6,467,1,0,0,0,1,0,0.19,0,0.19,0.19,2020,5.2,21,14,8,8,5,3,13,23.1,10,101,47,46.5,32,46,23,5,0,0,5,2,23,7,0,495,541,91.5,8260,2226,236,252,93.7,206,223,92.4,40,47,85.1,0,3,1,40,7,3,42.9,1.35,0.58,0.14,0.33,20.3,0,0,0,French
Julian Draxler,de GER,MF,Paris S-G,1993,6,5,398,2,0,0,0,2,0,0.45,0,0.45,0.45,2020,4.4,7,3,3,4,0,2,8,25,6,44,12,27.3,12,23,9,3,0,0,3,1,8,2,0,211,243,86.8,3700,707,106,118,89.8,77,88,87.5,25,33,75.8,0,8,0,23,6,3,50,1.36,0.68,0.33,0.67,14.6,0,0,0,French
Leandro Paredes,ar ARG,MF,Paris S-G,1994,4,3,159,0,0,0,0,2,1,0,0,0,0,2020,1.8,3,2,2,1,0,2,5,40,3,21,9,42.9,5,10,6,2,0,0,2,2,5,3,1,165,188,87.8,2845,653,76,82,92.7,79,86,91.9,9,15,60,0,1,0,14,4,1,25,2.26,0.57,0,0,27,0,0,0,French
Marco Verratti,it ITA,MF,Paris S-G,1992,5,4,354,0,0,0,0,1,0,0,0,0,0,2020,3.9,12,9,9,3,0,4,16,25,12,66,21,31.8,31,20,15,7,0,0,7,1,13,0,0,467,504,92.7,7557,2514,249,258,96.5,164,170,96.5,43,60,71.7,0,11,0,48,4,2,50,1.02,0.51,0,0,21.4,0,0,0,French
Marquinhos,br BRA,"DF,MF",Paris S-G,1994,6,5,457,1,0,0,0,1,0,0.2,0,0.2,0.2,2020,5.1,5,5,3,1,1,1,11,9.1,10,66,22,33.3,17,36,13,4,3,0,1,3,8,17,1,327,352,92.9,6418,1910,124,128,96.9,153,163,93.9,48,59,81.4,0,1,0,18,4,3,75,0.79,0.59,0.25,0.33,9.6,0,0,0,French
Mauro Icardi,ar ARG,FW,Paris S-G,1993,4,4,347,2,0,0,0,0,0,0.52,0,0.52,0.52,2020,3.9,3,2,1,2,0,2,4,50,2,65,11,16.9,2,23,40,2,2,0,0,0,3,0,0,35,45,77.8,553,168,20,21,95.2,11,16,68.8,3,3,100,0,2,0,6,12,5,41.7,3.11,1.3,0.17,0.4,8.4,0,0,0,French
Moise Kean,it ITA,FW,Paris S-G,2000,3,3,207,2,0,0,0,0,0,0.87,0,0.87,0.87,2020,2.3,2,2,0,1,1,2,4,50,2,23,7,30.4,0,5,18,0,0,0,0,0,2,0,0,19,22,86.4,223,40,15,17,88.2,3,3,100,0,1,0,0,1,0,2,8,3,37.5,3.48,1.3,0.25,0.67,10.3,0,0,0,French
Moise Kean,it ITA,FW,Paris S-G,2000,3,3,207,2,0,0,0,0,0,0.87,0,0.87,0.87,2020,2.3,2,2,0,1,1,2,4,50,2,23,7,30.4,0,5,18,0,0,0,0,0,2,0,0,7,9,77.8,124,0,2,3,66.7,4,4,100,1,1,100,0,0,0,0,8,3,37.5,3.48,1.3,0.25,0.67,10.3,0,0,0,French
Neymar,br BRA,"FW,MF",Paris S-G,1992,4,4,359,2,3,0,0,1,1,0.5,0.75,1.25,0.5,2020,4,3,2,0,1,2,1,6,16.7,5,39,15,38.5,4,15,20,5,0,0,5,1,4,0,0,206,261,78.9,3539,1265,114,127,89.8,65,80,81.3,23,43,53.5,3,14,2,33,22,6,27.3,5.52,1.5,0.09,0.33,16.7,8,0,0,French
Pablo Sarabia,es ESP,FW,Paris S-G,1992,9,6,552,2,4,0,0,1,0,0.33,0.65,0.98,0.33,2020,6.1,4,1,2,1,1,1,10,10,9,91,24,26.4,14,35,42,12,0,0,12,0,4,1,0,198,255,77.6,3275,884,109,130,83.8,62,74,83.8,20,33,60.6,4,14,7,25,18,7,38.9,2.93,1.14,0.11,0.29,13.8,1,0,0,French
